frame,status,matches,essential_inliers,cheirality_inliers,x,y,z
"vo_001.JPG",INIT,0,0,0,0,0,0
"vo_002.JPG",SKIP,276,187,0,0,0,0
"vo_003.JPG",OK,207,130,98,-0.8974850173,-0.340296542,-0.2805688991
"vo_004.JPG",OK,173,109,66,-0.05987744823,0.03044731108,-0.6817702893
"vo_005.JPG",OK,135,89,67,-0.4146121071,0.2114189726,-1.59905573
"vo_006.JPG",OK,92,45,22,-0.773523501,0.7654082308,-2.35024047
"vo_007.JPG",OK,46,25,24,-0.8484585938,1.132376606,-3.277450771
"vo_008.JPG",OK,44,28,22,0.04053202428,0.6876910747,-3.386768928
"vo_009.JPG",OK,154,110,103,-0.9529427617,0.7481507711,-3.290060734
"vo_010.JPG",OK,181,128,128,-0.4302863121,1.085861783,-4.072864355
"vo_011.JPG",OK,81,41,18,0.5141025483,0.7914980011,-4.219423709
"vo_012.JPG",OK,164,82,82,1.399387163,0.9316097107,-4.66286464
"vo_013.JPG",OK,285,174,174,2.275448852,1.116353807,-5.108269553
